nome,cpf_cnpj,email,telefone,endereco,cidade,estado,cep
João Silva,123.456.789-00,joao.silva@email.com,11987654321,Rua das Flores 123,São Paulo,SP,01234-567
Maria Souza,987.654.321-00,maria.souza@email.com,11976543210,Av. Paulista 1000,São Paulo,SP,01310-100
TechCell Importadora LTDA,12.345.678/0001-90,contato@techcell.com.br,1133334444,Rua do Comércio 500,São Paulo,SP,01234-000
Pedro Santos,111.222.333-44,pedro.santos@email.com,21987654321,Rua das Palmeiras 200,Rio de Janeiro,RJ,20000-000
Ana Costa,555.666.777-88,ana.costa@email.com,11965432109,Alameda Santos 800,São Paulo,SP,01419-000
